<?xml version="1.0" encoding="UTF-8" standalone="yes"?>
<addon id="plugin.program.elevatewizard" name="[COLOR=lime]Elevate Streaming[/COLOR] [COLOR=white]Wizard[/COLOR]" version="3.0.0" provider-name="ElevateStream">
	<requires>
		<import addon="xbmc.python" version="3.0.0"/>
	</requires>
	<extension point="xbmc.python.pluginsource" library="addon.py">
		<provides>executable</provides>
	</extension>
	<extension point="xbmc.service" library="service.py" />
	<extension point="xbmc.addon.metadata">
		<language>en</language>
		<platform>all</platform>
		<!-- <license>GPL-2.0-or-later</license> -->
		<forum></forum>
		<website>https://abubakar.cool/kodi</website>
		<email>ucool38@gmail.com</email>
		<source></source>
		<summary lang="hr_HR"> </summary>
		<summary lang="en_GB"> </summary>
		<description lang="hr_HR"></description>
		<description lang="en_GB"></description>
		<news lang="hr_HR"></news>
		<news lang="en_GB"></news>
		<disclaimer lang="hr_HR"></disclaimer>			
		<disclaimer lang="en_GB"></disclaimer>
		<assets>
				<icon>resources/icon.png</icon>
				<fanart>resources/fanart.jpg</fanart>
				<!--
				<banner></banner>
				<clearlogo></clearlogo> 
				-->
				<screenshot>resources/test.png</screenshot>
				<screenshot>resources/test.png</screenshot>
				<screenshot>resources/test.png</screenshot>
		</assets>
	</extension>
</addon>