<window>
    <defaultcontrol>201</defaultcontrol>
    <coordinates>
        <left>510</left>
        <top>355</top>
    </coordinates>

    <controls>
        <control type="group">
            <control type="image">
                <left>0</left>
                <top>0</top>
                <width>1000</width>
                <height>470</height>
                <texture border="2">Background/ContentPanel.png</texture>
            </control>
            <control type="label" id="101">
                <description>header label</description>
                <posx>20</posx>
                <posy>20</posy>
                <width>860</width>
                <height>40</height>
                <font>font13</font>
                <label>Header Label</label>
                <align>center</align>
                <aligny>center</aligny>
            </control>
            <control type="label" id="102">
                <posx>20</posx>
                <posy>20</posy>
                <left>20</left>
                <top>70</top>
                <width>860</width>
                <height>230</height>
                <font>font10</font>
                <align>center</align>
                <aligny>center</aligny>
            </control>
        </control>
        <control type="group">
            <control type="button" id="201">
                <left>350</left>
                <top>390</top>
                <width>210</width>
                <height>60</height>
                <font>font12</font>
                <textcolor>FFF0F0F0</textcolor>
                <label>Close</label>
                <align>center</align>
                <aligny>center</aligny>
                <texturefocus colordiffuse="FF12B2E7">Button/testbuttonfo.png</texturefocus>
                <texturenofocus>Button/testbuttonnf.png</texturenofocus>
                <onleft>202</onleft>
                <onright>202</onright>
            </control>
            <control type="button" id="202">
                <left>570</left>
                <top>390</top>
                <width>310</width>
                <height>60</height>
                <font>font12</font>
                <textcolor>FFF0F0F0</textcolor>
                <textoffsetx>20</textoffsetx>
                <label>Reset IPTV</label>
                <align>center</align>
                <aligny>center</aligny>
                <texturefocus colordiffuse="FF12B2E7">Button/testbuttonfo.png</texturefocus>
                <texturenofocus>Button/testbuttonnf.png</texturenofocus>
                <onleft>201</onleft>
                <onright>201</onright>
                <visible>false</visible>
            </control>
        </control>
    </controls>
</window>
